filename,directory,shanty_name,shanty_type,shanty_number,average_interval,average_note_duration,contour_directionality,entropy_of_pitch_sequence,interval_complexity,leap_frequency,melodic_contour_complexity,melodic_pattern_repetition,note_count_per_bar,note_count_per_bar_variability,pitch_range,rest_frequency,rhythm_complexity,rhythmic_pattern_repetition,score_length_in_bars,syncopation,variance_in_note_density
20hilo.midi,shanty_book/music,Johnny come down to Hilo,WINDLASS CAPSTAN,4,2.694915254237288,1.025,0.49122807017543857,2.5587081964793703,2.184855581108449,0.3559322033898305,0.3898305084745763,0.6206896551724138,3.1578947368421053,1.0147058823529411,12,0.2682926829268293,1.172253928364927,0.7758620689655172,19,0.03333333333333333,2.1403508771929824
music01.midi,shanty_book/music,Unknown,Unknown,N/A,2.5,1.3333333333333333,0.5,1.584962500721156,1.0,0.5,0.5,0.0,3,7,3,0.5,1.836591668108979,0.0,3,0.1111111111111111,7
22reuben.midi,shanty_book/music,Reuben Ranzo,HALLIARD,22,2.2131147540983607,1.0268817204301075,0.46808510638297873,2.1079202693418972,2.100752054680497,0.2459016393442623,0.5081967213114754,0.6,3.1,2.4926470588235294,9,0.21518987341772153,1.8866850903121002,0.7166666666666667,20,0.22580645161290322,3.8842105263157896
13bound.midi,shanty_book/music,Bound for the Rio Grande,WINDLASS CAPSTAN,2,2.239669421487603,0.7889344262295082,0.4485981308411215,2.6039676161384793,2.106584063425056,0.2396694214876033,0.3884297520661157,0.6666666666666667,3.588235294117647,2.1553030303030303,13,0.024,1.4215825768187753,0.8,34,0.4918032786885246,2.4919786096256686
29haul.midi,shanty_book/music,"Haul away, Joe",FORE-SHEET OR SWEATING-UP,28,2.2093023255813953,0.6590909090909091,0.4864864864864865,2.3353836207645444,2.3418649760255703,0.3488372093023256,0.5116279069767442,0.5476190476190477,4.4,4.861111111111111,10,0.15384615384615385,2.2202895764172954,0.6428571428571428,10,0.4090909090909091,6.711111111111111
28haul.midi,shanty_book/music,"Haul away, Joe",FORE-SHEET OR SWEATING-UP,28,2.2941176470588234,0.9182692307692307,0.5135135135135135,2.4377888941676136,2.456617629951023,0.4117647058823529,0.45098039215686275,0.5800000000000001,2.6,1.1838235294117647,12,0.4090909090909091,1.676736844733045,0.76,20,0.5,2.2526315789473683
10stormalong.midi,shanty_book/music,Stormalong John,WINDLASS CAPSTAN,10,1.6623376623376624,1.0961538461538463,0.5,2.2529215210782776,2.2415904512837166,0.2077922077922078,0.2987012987012987,0.6052631578947368,2.888888888888889,1.9433333333333334,10,0.060240963855421686,1.7161622322971735,0.736842105263158,27,0.10256410256410256,2.4871794871794872
25whisky.midi,shanty_book/music,Whisky Johnny,HALLIARD,25,3.196078431372549,1.25,0.5365853658536586,2.622900778487111,2.538141588403568,0.7254901960784313,0.45098039215686275,0.54,2.6,0.8088235294117647,12,0.23529411764705882,1.3191393822291122,0.76,20,0.038461538461538464,1.936842105263158
music07.midi,shanty_book/music,Unknown,Unknown,N/A,1.4285714285714286,1.125,0.5,1.811278124459133,1.3787834934861753,0.0,0.2857142857142857,0.0,2.6666666666666665,4.333333333333333,5,0.0,1.5,0.0,3,0.125,4.333333333333333
24tom.midi,shanty_book/music,Tom's gone to Hilo,HALLIARD,24,3.163265306122449,0.9487179487179487,0.46808510638297873,2.694693951646702,2.560597916474326,0.5510204081632653,0.5510204081632653,0.5,2.4761904761904763,1.2046783625730995,12,0.10714285714285714,2.034188990546464,0.6599999999999999,21,0.38461538461538464,1.7619047619047619
21run.midi,shanty_book/music,"Clear the track, let the Bullgine run",WINDLASS CAPSTAN,5,2.0491803278688523,0.956989247311828,0.5111111111111111,2.166509994851051,2.3632410979834195,0.3114754098360656,0.4262295081967213,0.55,3.263157894736842,2.7426470588235294,7,0.24390243902439024,2.570523633303614,0.6,19,0.25806451612903225,3.760233918128655
27johnny.midi,shanty_book/music,Johnny come down to Hilo,WINDLASS CAPSTAN,4,1.4651162790697674,0.7272727272727273,0.6206896551724138,1.9672079175777322,2.097161490963243,0.16279069767441862,0.4186046511627907,0.6190476190476191,4.888888888888889,7.361111111111111,7,0.12,1.0226297788901695,0.8095238095238095,9,0.36363636363636365,7.361111111111111
18morning.midi,shanty_book/music,"Good morning, ladies all",HALLIARD,18,1.9047619047619047,0.75,0.52,2.1163146570363986,2.0912131106679053,0.19047619047619047,0.49206349206349204,0.6451612903225806,3.3684210526315788,1.9411764705882353,10,0.16883116883116883,1.3244602933016414,0.8064516129032258,19,0.40625,3.134502923976608
11hogseye.midi,shanty_book/music,The Hog's-eye Man,WINDLASS CAPSTAN,11,1.7848101265822784,0.45,0.5094339622641509,2.39668482262,1.8230185054176742,0.21518987341772153,0.3924050632911392,0.5769230769230769,3.6,1.901185770750988,12,0.2079207920792079,1.559646682245628,0.7840909090909091,25,0.5555555555555556,2.9166666666666665
07sally.midi,shanty_book/music,Sally Brown,WINDLASS CAPSTAN,7,2.7540983606557377,1.0,0.4230769230769231,2.944397519296612,2.560442664793338,0.39344262295081966,0.3114754098360656,0.5833333333333333,3.6666666666666665,0.65,16,0.18421052631578946,1.6171895725927152,0.71875,18,0.18181818181818182,2.3529411764705883
04johnny.midi,shanty_book/music,Johnny come down to Hilo,WINDLASS CAPSTAN,4,2.810810810810811,0.5452586206896551,0.3263157894736842,2.868317025387107,2.355409007422833,0.4774774774774775,0.3783783783783784,0.7181818181818183,3.135135135135135,2.445075757575758,17,0.2222222222222222,1.832595934547312,0.7894736842105263,37,0.5172413793103449,3.3978978978978978
09shenandoah.midi,shanty_book/music,Shenandoah,WINDLASS CAPSTAN,9,2.3866666666666667,0.8486842105263158,0.5079365079365079,2.7711982286556944,2.3083868687829048,0.3333333333333333,0.41333333333333333,0.5135135135135135,3.1666666666666665,2.447619047619048,17,0.15555555555555556,2.0046806151550154,0.7162162162162162,24,0.42105263157894735,3.6231884057971016
music10.midi,shanty_book/music,Unknown,Unknown,N/A,2.5,0.8571428571428571,0.16666666666666666,1.950212064914747,1.2516291673878228,0.3333333333333333,0.3333333333333333,0.19999999999999996,2.3333333333333335,1.3333333333333333,7,0.125,1.9502120649147465,0.0,3,0.42857142857142855,1.3333333333333333
14drunken.midi,shanty_book/music,What shall we do with the drunken sailor?,WINDLASS CAPSTAN,14,1.6935483870967742,0.5079365079365079,0.5151515151515151,2.4800645804820887,2.0865502097103774,0.27419354838709675,0.16129032258064516,0.6229508196721312,3,1.5291666666666666,14,0.14864864864864866,1.4942485520467303,0.7868852459016393,21,0.49206349206349204,4.1
music06.midi,shanty_book/music,Unknown,Unknown,N/A,3,0.9814814814814815,0.25,2.4193819456463714,1.811278124459133,0.75,0.5,0.0,3,3,12,0.1,1.6577427265048887,0.2857142857142857,3,0.2222222222222222,3
26boney.midi,shanty_book/music,Boney was a warrior,HALLIARD,26,2.4871794871794872,1.2,0.37142857142857144,2.7709505944546686,2.447683386476169,0.38461538461538464,0.358974358974359,0.4736842105263158,2.2222222222222223,1.3333333333333333,10,0.047619047619047616,1.8954618442383218,0.7894736842105263,18,0.4,1.8300653594771241
19hanging.midi,shanty_book/music,Hanging Johnny,HALLIARD,19,2.3529411764705883,0.9230769230769231,0.47619047619047616,2.4454708534068352,2.0687448325761584,0.35294117647058826,0.37254901960784315,0.56,2.736842105263158,0.8088235294117647,12,0.11864406779661017,2.4014228908019635,0.64,19,0.5384615384615384,1.6491228070175439
23dead.midi,shanty_book/music,The Dead Horse,HALLIARD,23,2.1475409836065573,1.032258064516129,0.5660377358490566,2.7344303777051526,2.0743701390546576,0.21311475409836064,0.3114754098360656,0.6333333333333333,3.4444444444444446,2.3676470588235294,12,0.06060606060606061,1.5922840217135326,0.7333333333333334,18,0.16129032258064516,2.9673202614379086
music05.midi,shanty_book/music,Unknown,Unknown,N/A,1.105263157894737,0.4,0.42857142857142855,2.1567796494470395,1.4574248814091713,0.3157894736842105,0.15789473684210525,0.4444444444444444,5,1.3333333333333333,8,0.0,0.9709505944546686,0.6666666666666667,4,0.6,1.3333333333333333
12goose.midi,shanty_book/music,The Wild Goose Shanty,WINDLASS CAPSTAN,12,2.6206896551724137,0.6793478260869565,0.525,2.8504773568311332,2.442052883532264,0.3218390804597701,0.45977011494252873,0.5581395348837209,4.380952380952381,6.222222222222222,12,0.1111111111111111,2.036960927564199,0.7666666666666666,21,0.45652173913043476,8.647619047619047
music09.midi,shanty_book/music,Unknown,Unknown,N/A,2.76,1.2307692307692308,0.47368421052631576,2.455650180579543,2.454693951646702,0.56,0.28,0.08333333333333337,2.888888888888889,1.3611111111111112,14,0.037037037037037035,1.4885252948977485,0.5833333333333333,9,0.07692307692307693,1.3611111111111112
music08.midi,shanty_book/music,Unknown,Unknown,N/A,2.5714285714285716,1.125,0.5,1.2987949406953985,1.5566567074628228,0.5714285714285714,0.14285714285714285,0.16666666666666663,2.6666666666666665,4.333333333333333,9,0.0,1.5,0.0,3,0.125,4.333333333333333
17cheerly.midi,shanty_book/music,"Cheer'ly, men",HALLIARD,17,2.0617283950617282,0.7317073170731707,0.4225352112676056,2.6415345237932857,2.0906101889187236,0.25925925925925924,0.3333333333333333,0.675,4.1,5.183333333333334,14,0.4142857142857143,1.0952376752970234,0.85,20,0.36585365853658536,8.51578947368421
06lowlands.midi,shanty_book/music,Lowlands away,WINDLASS CAPSTAN,6,2.412121212121212,1.2529761904761905,0.4580152671755725,2.9798469737363664,2.4369124344605844,0.37575757575757573,0.2909090909090909,0.7682926829268293,2,0.850632911392405,16,0.11702127659574468,2.3912716692847,0.7409638554216867,84,0.17261904761904762,1.0120481927710843
01billy.midi,shanty_book/music,Billy Boy,WINDLASS CAPSTAN,1,2.0869565217391304,0.8103448275862069,0.49514563106796117,3.2161683776345042,2.3525278051779765,0.23478260869565218,0.45217391304347826,0.5964912280701755,3.2222222222222223,0.8870967741935484,17,0.23178807947019867,1.6160236154351282,0.8596491228070176,36,0.4482758620689655,2.1206349206349207
music04.midi,shanty_book/music,Unknown,Unknown,N/A,2.2857142857142856,0.9659090909090909,0.4444444444444444,2.6812763696025814,2.5701906367554073,0.38095238095238093,0.38095238095238093,0.19999999999999996,2.75,1.0714285714285714,12,0.043478260869565216,1.962354483657865,0.55,8,0.5,1.0714285714285714
08santy.midi,shanty_book/music,Santy Anna,WINDLASS CAPSTAN,8,2.373134328358209,0.9473039215686274,0.5901639344262295,2.755574237863743,2.340906231116588,0.31343283582089554,0.44776119402985076,0.5303030303030303,3.4,1.375,15,0.08108108108108109,1.8587348765770657,0.7121212121212122,20,0.29411764705882354,3.305263157894737
15blow.midi,shanty_book/music,"Blow, my bully boys",HALLIARD,15,2.4716981132075473,1.1666666666666667,0.46511627906976744,2.6113947991661646,2.4871303709745334,0.39622641509433965,0.3584905660377358,0.4807692307692307,3,1.7794117647058822,14,0.19402985074626866,1.823400431829091,0.6153846153846154,18,0.14814814814814814,2.235294117647059
30paddy.midi,shanty_book/music,Paddy Doyle's boots,BUNT,30,2.806451612903226,0.65625,0.48,2.202819531114783,2.042433003725894,0.22580645161290322,0.4838709677419355,0.5333333333333333,2.4615384615384617,2.7777777777777777,10,0.36,1.8419171866886992,0.6,13,0.625,4.769230769230769
05clear.midi,shanty_book/music,"Clear the track, let the Bullgine run",WINDLASS CAPSTAN,5,1.910344827586207,0.4394977168949772,0.5047619047619047,2.70181934082375,2.242675609273271,0.3103448275862069,0.35172413793103446,0.7430555555555556,4.171428571428572,0.6268939393939394,12,0.0641025641025641,1.0938750356474913,0.9097222222222222,35,0.5547945205479452,1.6756302521008404
music03.midi,shanty_book/music,Unknown,Unknown,N/A,2.142857142857143,0.7045454545454546,0.5,2.3353836207645444,2.3204233749536676,0.3333333333333333,0.47619047619047616,0.15000000000000002,3.6666666666666665,5.866666666666666,10,0.08333333333333333,2.214700801125745,0.44999999999999996,6,0.3181818181818182,5.866666666666666
music02.midi,shanty_book/music,Unknown,Unknown,N/A,1.7857142857142858,1.0344827586206897,0.45,2.478887255138228,2.1800862502955614,0.21428571428571427,0.39285714285714285,0.18518518518518523,3.2222222222222223,2.6944444444444446,12,0.06451612903225806,1.664761721536959,0.4444444444444444,9,0.1724137931034483,2.6944444444444446
03goodbye.midi,shanty_book/music,"Good-bye, fare ye well",WINDLASS CAPSTAN,3,1.6533333333333333,0.625,0.4482758620689655,2.2550410795220404,2.2808934458445194,0.21333333333333335,0.4266666666666667,0.6216216216216216,4.222222222222222,1.0147058823529411,8,0.07317073170731707,1.3794229474322521,0.8108108108108107,18,0.5526315789473685,2.065359477124183
16blowtheman.midi,shanty_book/music,Unknown,Unknown,N/A,2.4691358024691357,0.5884146341463414,0.4864864864864865,2.6818815583557707,2.453387289553959,0.49382716049382713,0.43209876543209874,0.6375,4.315789473684211,2.1544117647058822,13,0.15463917525773196,1.7047163534220622,0.775,19,0.5365853658536586,4.228070175438597
02rio.midi,shanty_book/music,Bound for the Rio Grande,WINDLASS CAPSTAN,2,2.1297709923664123,0.7266414141414141,0.4444444444444444,2.720322277300518,2.1489206085682837,0.22137404580152673,0.48091603053435117,0.7384615384615385,3.8823529411764706,3.6875,17,0.12,1.3750342277599648,0.8153846153846154,34,0.5151515151515151,4.046345811051693
PADWEST.MID,all_songs/paddy-west,Unknown,Unknown,N/A,2.0816326530612246,1.4545454545454546,0.5180722891566265,2.6941940165960223,1.8892965709051595,0.29591836734693877,0.35714285714285715,0.6391752577319587,2.020408163265306,0.35374149659863946,14,0.019801980198019802,1.2112938253354983,0.865979381443299,49,0.0,0.35374149659863946
HEARTOAK.MID,all_songs/heart-of-oak,Unknown,Unknown,N/A,2.6455696202531644,0.7,0.546875,2.9114891606829296,2.706463884923115,0.31645569620253167,0.35443037974683544,0.2692307692307693,5.333333333333333,1.9523809523809523,19,0.024390243902439025,2.03651814678391,0.7051282051282051,15,0.35,1.9523809523809523
WAYSMAN.MID,all_songs/the-ways-of-man,Unknown,Unknown,N/A,1.9855072463768115,0.95,0.5,2.9785076638065786,2.151406741208807,0.2463768115942029,0.2753623188405797,0.4117647058823529,3.888888888888889,1.6339869281045751,17,0.0410958904109589,1.796692373657948,0.5441176470588236,18,0.4,1.6339869281045751
TARWATHI.MID,all_songs/farewell-to-tarwathie,Unknown,Unknown,N/A,2.311111111111111,1.0434782608695652,0.5,2.436253405747522,1.8627569340846948,0.4,0.37777777777777777,0.5,2.7058823529411766,0.47058823529411764,14,0.041666666666666664,1.4849684376161285,0.6363636363636364,17,0.15217391304347827,0.47058823529411764
DERRYDWN.MID,all_songs/red-iron-ore,Unknown,Unknown,N/A,2,0.5660377358490566,0.4878048780487805,2.576793456625568,2.1801494026677863,0.19230769230769232,0.5576923076923077,0.37254901960784315,8.833333333333334,9.366666666666667,12,0.03636363636363636,0.8386112218304564,0.7647058823529411,6,0.5471698113207547,9.366666666666667
Greenland_Bound.mid,all_songs/greenland-bound,Unknown,Unknown,N/A,2,0.8205128205128205,0.5925925925925926,2.823523540186739,2.0081275705232726,0.21052631578947367,0.34210526315789475,0.1351351351351351,2.2941176470588234,1.0955882352941178,16,0.04878048780487805,1.2400362501086653,0.7297297297297297,17,0.23076923076923078,1.0955882352941178
NYGIRLS.MID,all_songs/cant-they-dance-the-polka,Unknown,Unknown,N/A,1.9375,1.2857142857142858,0.4117647058823529,2.7541612371057185,2.3669577430641433,0.3125,0.375,0.276595744680851,2.8823529411764706,1.1102941176470589,13,0.057692307692307696,1.8818264242908316,0.5319148936170213,17,0.12244897959183673,1.1102941176470589
CLKSHEAR.MID,all_songs/strike-the-bell,Unknown,Unknown,N/A,2.1839080459770117,1.0909090909090908,0.3611111111111111,3.018044052480177,2.3802206820277836,0.21839080459770116,0.3103448275862069,0.4651162790697675,5.5,2.1333333333333333,16,0.0,1.9371975323790245,0.7906976744186046,16,0.5454545454545454,2.1333333333333333
RIOGRAN.MID,all_songs/away-rio,Unknown,Unknown,N/A,2.0930232558139537,0.6950757575757576,0.4722222222222222,2.645487583907182,2.1675785211899106,0.20930232558139536,0.46511627906976744,0.2142857142857143,4,3.6,17,0.16981132075471697,1.4373012413074897,0.5238095238095238,11,0.5,3.6
SPANLAD2.MID,all_songs/spanish-ladies,Unknown,Unknown,N/A,2.108695652173913,0.5106382978723404,0.4594594594594595,2.8127160550687393,2.560552616312185,0.2826086956521739,0.30434782608695654,0.2666666666666667,9.4,14.3,12,0.04081632653061224,0.7539077602381062,0.7777777777777778,5,0.5531914893617021,14.3
KEELROW.MID,all_songs/the-keel-row,Unknown,Unknown,N/A,3.0392156862745097,0.5865384615384616,0.3877551020408163,2.921029621737615,2.5833704426316144,0.6078431372549019,0.5294117647058824,0.5,3.0588235294117645,0.9338235294117647,17,0.05454545454545454,1.6971979953977128,0.6799999999999999,17,0.4230769230769231,0.9338235294117647
DUMIAMA.MID,all_songs/do-me-anna,Unknown,Unknown,N/A,2.0526315789473686,0.5172413793103449,0.4423076923076923,2.8644825650796126,1.8642301562580155,0.17543859649122806,0.40350877192982454,0.3571428571428571,5.2727272727272725,4.418181818181818,14,0.03333333333333333,1.6570753110741299,0.6785714285714286,11,0.5689655172413793,4.418181818181818
RATCLIF.MID,all_songs/as-i-went-a-walking-down-ratcliffe-highway,Unknown,Unknown,N/A,3.484848484848485,0.5147058823529411,0.5625,2.8288161495011863,2.6239606956939925,0.696969696969697,0.5151515151515151,0.34375,4.857142857142857,3.4761904761904763,14,0.10526315789473684,0.6402064333604701,0.78125,7,0.47058823529411764,3.4761904761904763
BLOWYE.MID,all_songs/blow-ye-winds-in-the-morning,Unknown,Unknown,N/A,2.1272727272727274,1.1428571428571428,0.4186046511627907,2.8028009172046744,2.3864644983384564,0.2909090909090909,0.38181818181818183,0.40740740740740744,3.2941176470588234,1.3455882352941178,12,0.034482758620689655,1.1038182820339295,0.7962962962962963,17,0.05357142857142857,1.3455882352941178
ROLLCHAR.MID,all_songs/well-roll-the-golden-chariot-along-roll-the-old-chariot,Unknown,Unknown,N/A,2.088888888888889,0.6813186813186813,0.53125,2.3470691939766364,2.257950751900869,0.5111111111111111,0.4444444444444444,0.6629213483146068,2.84375,0.8457661290322581,12,0.021505376344086023,0.9954852599265351,0.8876404494382022,32,0.32967032967032966,0.8457661290322581
BRNGMDWN.MID,all_songs/bring-em-down,Unknown,Unknown,N/A,1.2857142857142858,0.6818181818181818,0.3,2.1506140041158783,1.7057328617496865,0.09523809523809523,0.23809523809523808,0.15000000000000002,5.5,3.6666666666666665,8,0.043478260869565216,1.0957952550009336,0.65,4,0.5,3.6666666666666665
LIBSAILR.MID,all_songs/liberty-for-the-sailors,Unknown,Unknown,N/A,2.5194805194805197,0.6025641025641025,0.4264705882352941,3.4449195622191207,2.4753807597432567,0.4675324675324675,0.4805194805194805,0.23684210526315785,9.75,4.214285714285714,19,0.025,0.7851515777256601,0.8947368421052632,8,0.5384615384615384,4.214285714285714
BLOWBOYS.MID,all_songs/blow-boys-blow,Unknown,Unknown,N/A,2.3846153846153846,1.1851851851851851,0.5454545454545454,2.4746048571524737,2.5944825065194204,0.38461538461538464,0.4230769230769231,0.040000000000000036,3,2.25,10,0.06896551724137931,1.8301509499142814,0.43999999999999995,9,0.14814814814814814,2.25
ROLLCTTN.MID,all_songs/roll-the-cotton-down,Unknown,Unknown,N/A,2.3448275862068964,1.0666666666666667,0.5,2.6975347643587213,2.319515776501326,0.3103448275862069,0.41379310344827586,0.1785714285714286,3.3333333333333335,2.25,13,0.0625,1.9382689280764642,0.4642857142857143,9,0.3,2.25
LEAVEHER.MID,all_songs/leave-her-johnny-time-for-us-to-leave-her,Unknown,Unknown,N/A,1.8970588235294117,0.8985507246376812,0.48936170212765956,2.6240841738719696,2.324085130989873,0.3088235294117647,0.3235294117647059,0.4328358208955224,4.0588235294117645,1.4338235294117647,12,0.0547945205479452,1.8361833127155833,0.6567164179104478,17,0.2898550724637681,1.4338235294117647
ANDRROSS.MID,all_songs/andrew-rose,Unknown,Unknown,N/A,2.59375,0.9696969696969697,0.5,2.4726358938851756,2.5755059710789405,0.34375,0.3125,0.19354838709677424,4.125,0.6964285714285714,12,0.0,1.5535572856196884,0.6129032258064516,8,0.21212121212121213,0.6964285714285714
PARLENG.MID,all_songs/ye-parliament-of-england,Unknown,Unknown,N/A,2.169811320754717,0.8240740740740741,0.45,2.957233838947466,2.6155136570863062,0.32075471698113206,0.3018867924528302,0.11538461538461542,6,4.5,17,0.1,1.4543269667707939,0.8076923076923077,9,0.5185185185185185,4.5
BLOODRED.MID,all_songs/blood-red-roses,Unknown,Unknown,N/A,2.4423076923076925,1.2641509433962264,0.5681818181818182,2.9499478240496426,2.52859939180364,0.38461538461538464,0.40384615384615385,0.5490196078431373,2.9444444444444446,1.2320261437908497,19,0.05357142857142857,0.8255689131579559,0.803921568627451,18,0.0,1.2320261437908497
SHPDSTRS.MID,all_songs/the-ship-in-distress,Unknown,Unknown,N/A,2.276315789473684,1.0389610389610389,0.4722222222222222,2.9715825149065855,2.052250422591736,0.21052631578947367,0.3157894736842105,0.4933333333333333,4.277777777777778,1.3888888888888888,13,0.0375,1.0976556808124607,0.8266666666666667,18,0.07792207792207792,1.3888888888888888
WSTOCEAN.MID,all_songs/across-the-western-ocean,Unknown,Unknown,N/A,1.7058823529411764,0.8571428571428571,0.36363636363636365,2.2128867643171537,1.8998805928696005,0.17647058823529413,0.2647058823529412,0.33333333333333337,3.888888888888889,1.6111111111111112,9,0.07894736842105263,1.312962257132801,0.6666666666666667,9,0.22857142857142856,1.6111111111111112
CAWSAND.MID,all_songs/cawsand-bay,Unknown,Unknown,N/A,2.511111111111111,1.0434782608695652,0.5806451612903226,2.2643806457540183,2.5183761547113557,0.4666666666666667,0.4222222222222222,0.38636363636363635,2.7058823529411766,0.47058823529411764,12,0.041666666666666664,0.2580186686648155,0.9090909090909091,17,0.0,0.47058823529411764
HEREGROG.MID,all_songs/all-for-me-grog,Unknown,Unknown,N/A,2.2045454545454546,0.7111111111111111,0.3783783783783784,3.0048276083098164,2.292359544069331,0.22727272727272727,0.29545454545454547,0.18604651162790697,5,5.5,14,0.0425531914893617,1.6431925164090093,0.5813953488372092,9,0.4222222222222222,5.5
BANKNIL3.MID,all_songs/the-banks-of-the-nile,Unknown,Unknown,N/A,2.2,1.0296052631578947,0.5535714285714286,2.8791572905924054,1.788919062438787,0.24,0.32,0.527027027027027,2.375,0.6290322580645161,16,0.36134453781512604,2.2747712824653052,0.6216216216216216,32,0.15789473684210525,0.6290322580645161
ROLLALAB.MID,all_songs/the-alabama,Unknown,Unknown,N/A,2.4193548387096775,1.359375,0.5,2.591917186688699,2.59242188252428,0.3225806451612903,0.3870967741935484,0.033333333333333326,2,0.5333333333333333,13,0.08571428571428572,1.7959585933443496,0.5,16,0.09375,0.5333333333333333
oldfid.mid,all_songs/old-fid,Unknown,Unknown,N/A,1.8739495798319328,1.0208333333333333,0.5416666666666666,2.7518871115121155,1.9365815067827161,0.18487394957983194,0.33613445378151263,0.6610169491525424,2.5,0.6808510638297872,17,0.4174757281553398,2.2872656981246413,0.6440677966101696,48,0.11666666666666667,0.6808510638297872
SNGSALLY.MID,all_songs/sing-sally-o,Unknown,Unknown,N/A,2.13953488372093,0.7272727272727273,0.4634146341463415,2.5644601393255226,1.7469291111749259,0.16279069767441862,0.46511627906976744,0.47619047619047616,4.888888888888889,3.111111111111111,10,0.043478260869565216,2.3390343235579985,0.5,9,0.36363636363636365,3.111111111111111
CSTPERU.MID,all_songs/the-coast-of-peru,Unknown,Unknown,N/A,2.392857142857143,0.8421052631578947,0.4,3.002399482232206,2.6316146759116674,0.375,0.3392857142857143,0.18181818181818177,3.3529411764705883,1.7426470588235294,14,0.03389830508474576,1.2961637820580392,0.7636363636363637,17,0.22807017543859648,1.7426470588235294
FRSTEMIG.MID,all_songs/the-first-of-the-emigrants,Unknown,Unknown,N/A,2.152941176470588,0.9244186046511628,0.4647887323943662,2.9043730682790723,2.3956394664602416,0.27058823529411763,0.4235294117647059,0.40476190476190477,2.9655172413793105,0.9630541871921182,12,0.0851063829787234,1.8352429581686063,0.6190476190476191,29,0.313953488372093,0.9630541871921182
nwpass.mid,all_songs/northwest-passage,Unknown,Unknown,N/A,1.9918032786885247,0.8028455284552846,0.45555555555555555,3.0919735364351117,2.414717253114313,0.2459016393442623,0.3442622950819672,0.4380165289256198,3.84375,2.498924731182796,19,0.36597938144329895,2.31883668558195,0.5289256198347108,32,0.3252032520325203,2.910282258064516
CNSOSTRT.MID,all_songs/canso-strait,Unknown,Unknown,N/A,2.1025641025641026,1.2,0.5,2.9282129458410013,2.1128336864498896,0.23076923076923078,0.3076923076923077,0.2894736842105263,2.3529411764705883,1.8666666666666667,14,0.024390243902439025,1.9477309221191608,0.6842105263157895,17,0.15,2.1176470588235294
CAMPTWN.MID,all_songs/banks-of-the-sacramento,Unknown,Unknown,N/A,1.9607843137254901,1.1730769230769231,0.4358974358974359,2.390571757786194,2.023833184430015,0.37254901960784315,0.4117647058823529,0.33999999999999997,3.0588235294117645,2.5588235294117645,12,0.08771929824561403,1.7908296289043588,0.5800000000000001,17,0.1346153846153846,2.5588235294117645
GHOSCREW.MID,all_songs/the-ghostly-crew,Unknown,Unknown,N/A,2.074074074074074,1.1454545454545455,0.5476190476190477,2.7069749287422606,2.250284504974173,0.3148148148148148,0.3888888888888889,0.28301886792452835,3.235294117647059,1.0661764705882353,14,0.05172413793103448,2.143878425515043,0.41509433962264153,17,0.32727272727272727,1.0661764705882353
CHCKNRFT.MID,all_songs/chicken-on-a-raft,Unknown,Unknown,N/A,1.3284671532846715,0.411231884057971,0.44642857142857145,2.079870917588236,1.818126758939255,0.18248175182481752,0.1678832116788321,0.7279411764705883,8.117647058823529,3.316666666666667,12,0.1038961038961039,1.329829329156709,0.8676470588235294,17,0.5362318840579711,7.485294117647059
LIVJUDY.MID,all_songs/row-bullies-row,Unknown,Unknown,N/A,1.9090909090909092,0.8532338308457711,0.5384615384615384,2.812843574992947,2.432040077846661,0.2727272727272727,0.3939393939393939,0.32307692307692304,2.68,0.6433333333333333,12,0.47244094488188976,1.1543047263357353,0.7846153846153846,25,0.04477611940298507,0.6433333333333333
LIZALEE.MID,all_songs/liza-lee,Unknown,Unknown,N/A,2.393939393939394,0.9411764705882353,0.6071428571428571,2.3216069583883465,1.7702061686862092,0.24242424242424243,0.36363636363636365,0.34375,4.25,2.2142857142857144,14,0.0,2.191657670693919,0.4375,8,0.29411764705882354,2.2142857142857144
BNDNEWF2.MID,all_songs/bound-down-to-newfoundland,Unknown,Unknown,N/A,2.111111111111111,0.7109375,0.5416666666666666,2.747479120146269,2.2880032238136785,0.2222222222222222,0.36507936507936506,0.4032258064516129,7.111111111111111,6.361111111111111,12,0.07246376811594203,1.7022652465461512,0.7258064516129032,9,0.515625,6.361111111111111
OUTHOME.MID,all_songs/homeward-bound-outward-bound,Unknown,Unknown,N/A,2.2941176470588234,0.46153846153846156,0.40540540540540543,2.8863162038621657,2.5136161318469536,0.4117647058823529,0.35294117647058826,0.12,4,1.8333333333333333,17,0.037037037037037035,1.1279527078156113,0.8,13,0.5384615384615384,1.8333333333333333
HAULBWLN.MID,all_songs/haul-on-the-bowline,Unknown,Unknown,N/A,1.9047619047619047,0.6590909090909091,0.4375,2.3111986673263862,2.2437738285519147,0.23809523809523808,0.3333333333333333,0.19999999999999996,2.75,0.7857142857142857,10,0.043478260869565216,1.983049533286676,0.35,8,0.3181818181818182,0.7857142857142857
PRNCRYL.MID,all_songs/the-bold-princess-royal,Unknown,Unknown,N/A,2.4166666666666665,0.8979591836734694,0.5333333333333333,2.8781211130474933,2.3128484382635484,0.2916666666666667,0.4375,0.17021276595744683,2.8823529411764706,0.3602941176470588,13,0.14035087719298245,2.188960050231348,0.42553191489361697,17,0.30612244897959184,0.3602941176470588
BONEYNAP.MID,all_songs/boney-was-a-warrior,Unknown,Unknown,N/A,2.3333333333333335,1.0454545454545454,0.5,2.315738006876835,2.226415353475711,0.47619047619047616,0.2857142857142857,0.15000000000000002,5.5,5.666666666666667,9,0.043478260869565216,1.7702834614222898,0.6,4,0.45454545454545453,5.666666666666667
RANZORAY.MID,all_songs/the-bully-boat,Unknown,Unknown,N/A,2.5294117647058822,0.6730769230769231,0.5531914893617021,2.911843815678865,2.4235349607221917,0.3137254901960784,0.4117647058823529,0.14,5.777777777777778,3.9444444444444446,12,0.018867924528301886,1.4247671580611576,0.6799999999999999,9,0.34615384615384615,3.9444444444444446
RNDHORN.MID,all_songs/the-girls-around-cape-horn,Unknown,Unknown,N/A,2.476923076923077,0.9696969696969697,0.4716981132075472,2.7995774108082587,2.549194949924376,0.2923076923076923,0.3076923076923077,0.515625,3.8823529411764706,2.235294117647059,12,0.029411764705882353,1.7035202499591577,0.65625,17,0.25757575757575757,2.235294117647059
ASHLAND3.MID,all_songs/paul-jones,Unknown,Unknown,N/A,1.4333333333333333,0.521505376344086,0.4117647058823529,2.4368059872479155,1.8627240194515913,0.16666666666666666,0.23333333333333334,0.2068965517241379,0.21678321678321677,6.2,12,0.8287292817679558,1.9499161830607914,0.4137931034482759,143,0.8064516129032258,1.4808431005614104
LEAVLIV.MID,all_songs/the-leaving-of-liverpool,Unknown,Unknown,N/A,2.202020202020202,1.28,0.4411764705882353,2.798211345337052,2.303347397260607,0.2727272727272727,0.25252525252525254,0.5102040816326531,1.5384615384615385,0.28174603174603174,14,0.009900990099009901,1.1232130685593864,0.8571428571428572,65,0.02,0.31490384615384615
Cruel_Ships_Captain1.mid,all_songs/the-cruel-ships-captain,Unknown,Unknown,N/A,3.0238095238095237,0.5968992248062015,0.5526315789473685,2.8183818363900603,2.4959188396419854,0.5,0.5,0.09756097560975607,4.777777777777778,3.1944444444444446,16,0.044444444444444446,1.8307778287110998,0.46341463414634143,9,0.5116279069767442,3.1944444444444446
FLASHGAL.MID,all_songs/flash-gals-of-the-town,Unknown,Unknown,N/A,1.5434782608695652,1.1914893617021276,0.4444444444444444,2.9877280229236898,2.2250799394465344,0.15217391304347827,0.21739130434782608,0.24444444444444446,3.1333333333333333,0.9809523809523809,16,0.04081632653061224,1.8027809128657946,0.6,15,0.10638297872340426,0.9809523809523809
THOUSMI.MID,all_songs/ten-thousand-miles-away,Unknown,Unknown,N/A,1.8898305084745763,0.9411764705882353,0.4578313253012048,3.019501774423216,2.51293992288373,0.2796610169491525,0.3305084745762712,0.41880341880341876,4.103448275862069,2.310344827586207,17,0.01652892561983471,1.4677200179761967,0.8376068376068376,29,0.19327731092436976,2.310344827586207
DERBYRM2.MID,all_songs/derby-ram,Unknown,Unknown,N/A,2.3095238095238093,0.8372093023255814,0.42857142857142855,2.97069127118586,2.463444667145755,0.30952380952380953,0.4523809523809524,0.12195121951219512,6.142857142857143,6.476190476190476,15,0.044444444444444446,1.524874219264535,0.7073170731707317,7,0.5348837209302325,6.476190476190476
BSTNHRBR.MID,all_songs/boston,Unknown,Unknown,N/A,1.7457627118644068,0.8166666666666667,0.5121951219512195,2.9523631050330814,2.245073093387729,0.22033898305084745,0.3559322033898305,0.3793103448275862,4.615384615384615,3.7564102564102564,15,0.01639344262295082,1.3399189469539068,0.7758620689655172,13,0.25,3.7564102564102564
MINGULY.MID,all_songs/mingulay-boat-song,Unknown,Unknown,N/A,1.8372093023255813,1.7045454545454546,0.41935483870967744,2.4859523564377755,2.1425992776467666,0.18604651162790697,0.2558139534883721,0.40476190476190477,1.76,0.7733333333333333,12,0.0,1.7816395181761258,0.6190476190476191,25,0.045454545454545456,0.7733333333333333
ADBENBOW.MID,all_songs/admiral-benbow,Unknown,Unknown,N/A,2.4107142857142856,0.8421052631578947,0.48,2.723292959327067,2.5227385330555543,0.35714285714285715,0.3392857142857143,0.4181818181818182,3.3529411764705883,1.9926470588235294,12,0.03389830508474576,1.2961637820580392,0.7454545454545455,17,0.22807017543859648,1.9926470588235294
LOGIBUCH.MID,all_songs/while-cruising-around-yarmouth,Unknown,Unknown,N/A,1.797979797979798,0.96,0.4868421052631579,2.897240418659086,2.1605042933099448,0.1919191919191919,0.24242424242424243,0.5714285714285714,3.0303030303030303,0.2803030303030303,15,0.0196078431372549,1.4813163192693688,0.8775510204081632,33,0.17,0.2803030303030303
MERMDFRI.MID,all_songs/the-mermaid,Unknown,Unknown,N/A,1.8295454545454546,0.7752808988764045,0.4603174603174603,2.6556768921273806,2.2826687874681153,0.20454545454545456,0.375,0.5287356321839081,4.684210526315789,4.116959064327485,12,0.06315789473684211,1.3810895174057882,0.7701149425287357,19,0.3595505617977528,4.116959064327485
TOMMYHLO.MID,all_songs/tommys-gone-to-hilo,Unknown,Unknown,N/A,2.269230769230769,1.1111111111111112,0.5238095238095238,2.3037464107788748,2.28394274032146,0.38461538461538464,0.4230769230769231,0.24,3,1.25,9,0.12903225806451613,2.0391468619891047,0.31999999999999995,9,0.3333333333333333,1.25
SALBROWN.MID,all_songs/sally-brown,Unknown,Unknown,N/A,2.5517241379310347,1.0666666666666667,0.4230769230769231,2.93624341298306,2.2359430634962703,0.4482758620689655,0.3103448275862069,0.1428571428571429,3.75,1.0714285714285714,16,0.0,1.5546097612655665,0.5,8,0.13333333333333333,1.0714285714285714
HAULROSY.MID,all_songs/haul-away-joe,Unknown,Unknown,N/A,2.3333333333333335,0.8260869565217391,0.43902439024390244,2.777161461654748,2.462880595800827,0.35555555555555557,0.3333333333333333,0.4772727272727273,6.571428571428571,0.9523809523809523,14,0.08,1.4127413029424614,0.75,7,0.5217391304347826,0.9523809523809523
PADDOYLE.MID,all_songs/paddy-doyle,Unknown,Unknown,N/A,2.7333333333333334,1.21875,0.5,2.202819531114783,1.9898980954642875,0.2,0.4666666666666667,0.1428571428571429,2,0.8571428571428571,10,0.1111111111111111,1.875,0.2857142857142857,8,0.125,0.8571428571428571
MAUI1.MID,all_songs/rolling-down-to-old-maui,Unknown,Unknown,N/A,2.257142857142857,0.9150943396226415,0.44,2.799467038731946,2.514595439294904,0.29523809523809524,0.45714285714285713,0.5192307692307692,4.24,1.44,12,0.018518518518518517,1.4011277987811834,0.8173076923076923,25,0.19811320754716982,1.44
DANCEDAD.MID,all_songs/dance-t-th-daddy,Unknown,Unknown,N/A,2.611940298507463,0.5367647058823529,0.3673469387755102,2.8504437228397035,2.6366322773821063,0.3880597014925373,0.3880597014925373,0.5151515151515151,5.230769230769231,2.0256410256410255,19,0.014492753623188406,0.6180038597674269,0.8484848484848485,13,0.47058823529411764,2.0256410256410255
FIREBELO.MID,all_songs/fire-down-below,Unknown,Unknown,N/A,1.9230769230769231,0.80625,0.41379310344827586,2.6445926236216795,2.2348685840771254,0.23076923076923078,0.28205128205128205,0.1842105263157895,4,2.888888888888889,10,0.36507936507936506,2.0820011600418935,0.21052631578947367,10,0.325,2.888888888888889
GRNFISH.MID,all_songs/the-greenland-whale-fisheries,Unknown,Unknown,N/A,1.84,0.8431372549019608,0.5,2.354025336423598,1.815857683033042,0.14,0.28,0.4693877551020408,4.25,2.5681818181818183,12,0.03773584905660377,1.5744923459488618,0.6326530612244898,12,0.3137254901960784,2.5681818181818183
HIGHBRB3.MID,all_songs/high-barbary,Unknown,Unknown,N/A,2.8372093023255816,0.75,0.5,2.7814249385966776,2.5198741271008127,0.3953488372093023,0.37209302325581395,0.23809523809523814,4.4,5.377777777777778,16,0.08333333333333333,1.2847740852913858,0.6904761904761905,10,0.3409090909090909,5.377777777777778
ONEMRDAY.MID,all_songs/one-more-day,Unknown,Unknown,N/A,2.673469387755102,1.28,0.5106382978723404,2.7786885704510973,2.601997416711501,0.40816326530612246,0.5306122448979592,0.45833333333333337,2.9411764705882355,0.8088235294117647,12,0.038461538461538464,1.5492750707107135,0.6458333333333333,17,0.06,0.8088235294117647
BOLDRILY.MID,all_songs/bold-riley,Unknown,Unknown,N/A,2.157142857142857,0.676056338028169,0.42,2.2776267128003536,2.3198659962846446,0.34285714285714286,0.32857142857142857,0.5652173913043479,7.888888888888889,4.611111111111111,19,0.0273972602739726,1.2411136914846834,0.782608695652174,9,0.4647887323943662,4.611111111111111
LNDLDYFR.MID,all_songs/the-constitution-and-guerrieÌ€re,Unknown,Unknown,N/A,2.2830188679245285,0.5833333333333334,0.43478260869565216,2.959880760052146,2.400174110969409,0.2830188679245283,0.37735849056603776,0.23076923076923073,3.176470588235294,1.1544117647058822,15,0.05263157894736842,0.9524914937895756,0.7692307692307692,17,0.4444444444444444,1.1544117647058822
FTHFULSL.MID,all_songs/the-sailor-boy,Unknown,Unknown,N/A,2.763779527559055,0.5299479166666666,0.37383177570093457,3.0063624420517883,2.623362352799841,0.29133858267716534,0.4015748031496063,0.6587301587301587,0.8205128205128205,4.014705882352941,14,0.5412186379928315,2.2737423923897104,0.8809523809523809,156,0.515625,5.954673283705541
WHEREIGO.MID,all_songs/where-am-i-to-go-me-johnnies,Unknown,Unknown,N/A,2.3469387755102042,1.18,0.45652173913043476,3.385604002109859,2.1201999934963864,0.2857142857142857,0.3469387755102041,0.14583333333333337,3.125,1.9833333333333334,19,0.05660377358490566,2.0954756359116664,0.5,16,0.26,1.9833333333333334
BULGNE.MID,all_songs/clear-the-track,Unknown,Unknown,N/A,1.7333333333333334,0.42105263157894735,0.574468085106383,2.6632249461320106,2.295697924383244,0.30666666666666664,0.32,0.5405405405405406,4.470588235294118,1.1397058823529411,12,0.02564102564102564,0.8997437586982626,0.9054054054054054,17,0.5789473684210527,1.1397058823529411
JULEY.MID,all_songs/juley,Unknown,Unknown,N/A,2.56,1.0769230769230769,0.4,2.5035391228040247,2.593411192621123,0.56,0.56,0.20833333333333337,2.888888888888889,1.8611111111111112,14,0.13333333333333333,1.7994427194787626,0.41666666666666663,9,0.19230769230769232,1.8611111111111112
JAMETOWN.MID,all_songs/the-jamestown-homeward-bound,Unknown,Unknown,N/A,2.404580152671756,0.9696969696969697,0.4537037037037037,3.0666182161967885,2.5393281482401475,0.32061068702290074,0.37404580152671757,0.6076923076923078,4,1.3125,17,0.014925373134328358,1.513896594815737,0.8307692307692307,33,0.21212121212121213,1.3125
THRSCORE.MID,all_songs/three-score-and-ten,Unknown,Unknown,N/A,1.8275862068965518,1.0593220338983051,0.5,2.5393975121734735,2.024254598412904,0.20689655172413793,0.29310344827586204,0.4385964912280702,3.4705882352941178,1.3897058823529411,11,0.04838709677419355,2.0238943193015375,0.45614035087719296,17,0.22033898305084745,1.3897058823529411
JOLROVTR.MID,all_songs/jolly-roving-tar,Unknown,Unknown,N/A,2.9393939393939394,0.7313432835820896,0.484375,2.7819315167643732,2.1498636376911384,0.5,0.42424242424242425,0.49230769230769234,7.444444444444445,8.277777777777779,19,0.028985507246376812,1.5492435993646283,0.7384615384615385,9,0.5970149253731343,8.277777777777779
WHSKJHN.MID,all_songs/whiskey-johnny,Unknown,Unknown,N/A,3.1153846153846154,1.037037037037037,0.4782608695652174,2.558481246281748,2.3443481425187316,0.6538461538461539,0.34615384615384615,0.24,3,1.5,12,0.12903225806451613,0.6793652793002186,0.76,9,0.037037037037037035,1.5
CABINBOY.MID,all_songs/handsome-cabin-boy,Unknown,Unknown,N/A,2.0526315789473686,0.8275862068965517,0.46938775510204084,3.3029342142236424,2.2790579960895037,0.22807017543859648,0.2631578947368421,0.4285714285714286,6.444444444444445,6.277777777777778,17,0.03333333333333333,1.2699207259892868,0.8214285714285714,9,0.5,6.277777777777778
BIGLRCRW.MID,all_songs/the-cruise-of-the-bigler,Unknown,Unknown,N/A,2.2264150943396226,0.9158878504672897,0.5405405405405406,2.7986425580993988,2.472802215657597,0.3113207547169811,0.3867924528301887,0.5047619047619047,3.4516129032258065,5.4678362573099415,16,0.13008130081300814,2.058414093205636,0.7142857142857143,31,0.5514018691588785,11.055913978494624
ROLLHOM3.MID,all_songs/rolling-home,Unknown,Unknown,N/A,2.8771929824561404,0.8275862068965517,0.5192307692307693,2.8795459175814933,2.75536321253048,0.40350877192982454,0.42105263157894735,0.2857142857142857,3.411764705882353,0.7573529411764706,14,0.03333333333333333,1.4303651158399033,0.8035714285714286,17,0.39655172413793105,0.7573529411764706
JACKTAR1.MID,all_songs/jack-tar,Unknown,Unknown,N/A,2.306122448979592,1.2,0.5128205128205128,2.984904173882897,2.5654854718437488,0.4489795918367347,0.30612244897959184,0.16666666666666663,3.125,1.05,15,0.038461538461538464,0.9555657959446268,0.75,16,0.02,1.05
